id,question,answer
1,What is Home-ease?,Home-ease is a platform that connects homeowners with trusted service providers for all their home maintenance and improvement needs.
2,How do I book a service?,Simply browse our services, select the one you need, choose a convenient time slot, and confirm your booking. Our service provider will be notified immediately.
3,Is there a cancellation policy?,"Yes, you can cancel your booking up to 24 hours before the scheduled time for a full refund. Cancellations within 24 hours may incur a small fee."
4,How are service providers verified?,All our service providers undergo thorough background checks and verification processes to ensure quality and reliability.
5,What payment methods do you accept?,"We accept all major credit cards, debit cards for your convenience."
6,How can I contact customer support?,"You can reach our customer support team via email at admin@homeease.com"
7,Are the services insured?,Yes, all services provided through our platform are covered by comprehensive insurance for your peace of mind.
8,Can I schedule recurring services?,"Absolutely! You can set up recurring bookings for regular maintenance tasks like cleaning, gardening, or pest control."
9,What areas do you serve?,We currently operate in major metropolitan areas and are continuously expanding our service coverage. Check our website for specific locations.
10,How do I rate a service provider?,After your service is completed, you'll receive a prompt to rate your experience and leave a review to help other users.
